









equals
plus
minus
times
divided by
left parenthesis
right parenthesis
left brace
right brace
is greater than
is less than
is greater than or equal to
is less than or equal to
is nearly equal to
and the remainder is
next
and
squared
cubed
tesseracted


.

.

.

.

.

.

.

00, 🌪cyclone(cycle o), cyclone
01, 🌬zephyr(zero first), zephyr
02, 🌾oat(o two), oat
03, 📃oath(o three), oath
04, 😀affordable(o four), affordable
05, 🗃open(o penta), open
06, 😎Aussie(o six), Aussie
07, 👩‍🍳oven(o seven), oven
08, 🏜oasis(o eight), oasis
09, 🔮xenon(zero nona), xenon
10, 🗡iron(i o), iron
11, 🛤parallel, parallel
12, 🚗mobile(mono bi), mobile
13, 🏢facade(first third), facade
14, 📱iphone(i four), iphone
15, 📶wifi(i five), wifi
16, 🥶icicle(i six), icicle
17, 🧊iceberg(i seven), iceberg
18, 🚿funnel(first eight), funnel
19, 🔥furnace(first nine), furnace
20, 🦋bio(di o), bio
21, 💍diamond(di mono), diamond
22, 👗tutu(two two), tutu
23, 🍰dessert(di third), dessert
24, 🍂defoliant(di four), defoliant
25, 🦹‍♂️defiler(dive,di five), defiler
26, 🚲bicycle(bi six), bicycle
27, 💪biceps(bi seven), biceps
28, 🏊‍♀️diet(di eight), diet
29, 🌌tonight(two nine), tonight
30, 👨‍👩‍👦trio(tri o), trio
31, 🙂someone(third one), someone
32, 🕵️‍♂️trilby(tri bi), trilby
33, 🔪slicer(three third), slicer
34, 👓trifocals(tri four), trifocals
35, 🐍serpent(third penta), serpent
36, 🛺tricycle(tri six), tricycle
37, 🌃thriven(three seven), thriven
38, 🖋trait(tri eight), trait
39, 🚥trinary(tri nine), trinary
40, ⚔️foe(four o), foe
41, 🏌️‍♀️forward(four one), forward
42, 🌄photo(four two), photo
43, 🏋️‍♀️force(four three), force
44, 👨‍👩‍👦‍👦quartet(quadri tetra), quartet
45, 🥃fortifier(four five), fortifier
46, 🦊fox(four six), fox
47, 🥢forceps(four seven), forceps
48, 🎹forte(four eight), forte
49, 🐘fauna(four nine), fauna
50, 🐶Fido(five o), Fido
51, 📀penny worth(penta one), penny worth
52, 🌸quintuple(quin two), quintuple
53, 🏃‍♀️pentathlon(penta three), pentathlon
54, 👩‍🎤👩‍👩‍👧‍👧quintet(quin tetra), quintet
55, 💰five pence(five penta), five pence
56, 🧗‍♀️fix(five six), fix
57, 🤵fiance(five seven), fiance
58, 🥩fillet(five eitht), fillet
59, ⏳finite(five nine), finite
60, 😡Hector(hex o), hector
61, 🕺chic one(six one), chic one
62, 👧Cindie(six di), Cindie
63, ✂️scissors(six third), scissors
64, 🎺🎻symphony(six four), symphony
65, 🤐🛶sieve(six five), sieve
66, 😭sissy(six six), sissy
67, 🤩sixth sense(six seven), sixth sense
68, 😴siesta(six eight), siesta
69, 👨‍🦳senile(six nine), senile
70, 👑🦯scepter(seven o), scepter
71, 🥰self-worth(seven one), self-worth
72, 🏞sediment(seven di), sediment
73, 👮‍♂️censor(seven third), censor
74, 👨‍👩‍👦👨‍👩‍👧‍👦septet(seven tetra), septet
75, 🤳selfy(seven fifth), selfy
76, 👨‍🏫sensible(seven six), sensible
77, 👽sensation(seven seven), sensation
78, 🍉semination(seven eight), semination
79, 🤺saber knight(seven nine), saber knight
80, 🌰acorn(eight o), acorn
81, 🧒Edward(eight one), Edward
82, 🎼etude(eight two), etude
83, 👂atrium(eight tri), atrium
84, 👨‍👩‍👧‍👦👨‍👩‍👦‍👦octet(oct tetra), octet
85, 🤧hay fever(eight five), hay fever
86, 📖ethics(eight six), ethics
87, 👨‍🚒ailing saver(eight seven), ailing saver
88, 🛢octane(oct eight), octane
89, 🦸able knight(eight nine), able knight
90, 🧨nitro(nine o), nitro
91, 🌉nocturne(nona one), nocturne
92, 👯‍♂️nudge(nine di), nudge
93, 🤱nicely(nine three), nicely
94, 🌆night fall(nine four), night fall
95, 🥺naive(nine five), naive
96, 🤷nothing(nine six), nothing
97, 📓novel(nona seven), novel
98, 💥nitrate(nine eight), nitrate
99, 👱‍♀️Nana(nine nine), Nana
00, 🌪cyclone, cyclone
01, 🌬zephyr, zephyr
02, 🌾oat, oat
03, 📃oath, oath
04, 😀affordable, affordable
05, 🗃open, open
06, 😎Aussie, Aussie
07, 👩‍🍳oven, oven
08, 🏜oasis, oasis
09, 🔮xenon, xenon
10, 🗡iron, iron
11, 🛤parallel, parallel
12, 🚗mobile, mobile
13, 🏢facade, facade
14, 📱iphone, iphone
15, 📶wifi, wifi
16, 🥶icicle, icicle
17, 🧊iceberg, iceberg
18, 🚿funnel, funnel
19, 🔥furnace, furnace
20, 🦋bio, bio
21, 💍diamond, diamond
22, 👗tutu, tutu
23, 🍰dessert, dessert
24, 🍂defoliant, defoliant
25, 🦹‍♂️defiler, defiler
26, 🚲bicycle, bicycle
27, 💪biceps, biceps
28, 🏊‍♀️diet, diet
29, 🌌tonight, tonight
30, 👨‍👩‍👦trio, trio
31, 🙂someone, someone
32, 🕵️‍♂️trilby, trilby
33, 🔪slicer, slicer
34, 👓trifocals, trifocals
35, 🐍serpent, serpent
36, 🛺tricycle, tricycle
37, 🌃thriven, thriven
38, 🖋trait, trait
39, 🚥trinary, trinary
40, ⚔️foe, foe
41, 🏌️‍♀️forward, forward
42, 🌄photo, photo
43, 🏋️‍♀️force, force
44, 👨‍👩‍👦‍👦quartet, quartet
45, 🥃fortifier, fortifier
46, 🦊fox, fox
47, 🥢forceps, forceps
48, 🎹forte, forte
49, 🐘fauna, fauna
50, 🐶Fido, Fido
51, 📀penny worth, penny worth
52, 🌸quintuple, quintuple
53, 🏃‍♀️pentathlon, pentathlon
54, 👩‍🎤👩‍👩‍👧‍👧quintet, quintet
55, 💰five pence, five pence
56, 🧗‍♀️fix, fix
57, 🤵fiance, fiance
58, 🥩fillet, fillet
59, ⏳finite, finite
60, 😡Hector, hector
61, 🕺chic one, chic one
62, 👧Cindie, Cindie
63, ✂️scissors, scissors
64, 🎺🎻symphony, symphony
65, 🤐🛶sieve, sieve
66, 😭sissy, sissy
67, 🤩sixth sense, sixth sense
68, 😴siesta, siesta
69, 👨‍🦳senile, senile
70, 👑🦯scepter, scepter
71, 🥰self-worth, self-worth
72, 🏞sediment, sediment
73, 👮‍♂️censor, censor
74, 👨‍👩‍👦👨‍👩‍👧‍👦septet, septet
75, 🤳selfy, selfy
76, 👨‍🏫sensible, sensible
77, 👽sensation, sensation
78, 🍉semination, semination
79, 🤺saber knight, saber knight
80, 🌰acorn, acorn
81, 🧒Edward, Edward
82, 🎼etude, etude
83, 👂atrium, atrium
84, 👨‍👩‍👧‍👦👨‍👩‍👦‍👦octet, octet
85, 🤧hay fever, hay fever
86, 📖ethics, ethics
87, 👨‍🚒ailing saver, ailing saver
88, 🛢octane, octane
89, 🦸able knight, able knight
90, 🧨nitro, nitro
91, 🌉nocturne, nocturne
92, 👯‍♂️nudge, nudge
93, 🤱nicely, nicely
94, 🌆night fall, night fall
95, 🥺naive, naive
96, 🤷nothing, nothing
97, 📓novel, novel
98, 💥nitrate, nitrate
99, 👱‍♀️Nana, Nana
100, 🛴Iron handle(io hundred), Iron handle
121, ⛹️‍♀️Parallel man to man, Parallel man to man
144, 👨‍👩‍👧‍👦Mobile first quartet, Mobile first quartet
169, 🚪Facade I'm senile, Facade I'm senile
196, 📱iphone first nothing, iphone first nothing
225, 🦸‍♂️First fight to defy, First fight to defy
256, 🥶Icicle to fix, Icicle to fix
289, 🧊Iceberg diet night, Iceberg diet night
324, 🛁Funnel try to foam, Funnel try to foam
361, 🎩Wanna try chic one?, Wanna try chic one?
400, 🦋Bio formed cyclone, Bio formed cyclone
441, 💍Diamond fall forward, Diamond fall forward
484, 👗👨‍👩‍👧‍👦👨‍👩‍👧‍👦Tutu for octet, Tutu for octet
529, 🏜Desert's fine tonight, Desert's fine tonight
576, 🍂Defoliant fiber sensing, Defoliant fiber sensing
625, 🦹‍♂️Defiler seek to fight, Defiler seek to fight
676, 🚲Bicycle synthesis, Bicycle synthesis
729, 👩‍🚒To save save tonight, To save save tonight
784, 👨‍👩‍👧‍👦🌮👨‍👩‍👧‍👦Diet sever octet, Diet sever octet
841, 🌌📡🔭Tonight aim forward, Tonight aim forward
900, 🤺🤺🤺Trio knight cyclone, Trio knight cyclone
961, 💃Someone Nona chic one, Someone Nona chic one
1024, 🕵️‍♂️Trilby tend to fall, Trilby tend to fall
1089, 🔪🦸Slicer iron able knight, Slicer iron able knight
1156, 👓Trifocals I want fine thing, Trifocals I want fine thing
1225, 🐍Serpent want to defile, Serpent want to defile
1296, 🛺Tricycle's mobile knight's thing, Tricycle's mobile knight's thing
1369, 🌃Thriven monthly chic night, Thriven monthly chic night
1444, 📱📱📱📱Trial aid iphone quartet, Trial aid iphone quartet
1521, 💎Trial night I find diamond, Trial night I find diamond
1600, 🎤For all I sing ooh, For all I sing ooh
1681, 🥶Forward icicle Edward, Forward icicle Edward
1764, 🧊🌁Photo iceberg thick fog, Photo iceberg thick fog
1849, 🚿Force funneling fauna, Force funneling fauna
1936, 👨‍👩‍👧‍👦🛺Quartet first night tricycle, Quartet first night tricycle
2025, 🥃Fortifier bio defiler, Fortifier bio defiler
2116, 🦊Fox diamond icicle, Fox diamond icicle
2209, 🥢Forceps dissection all night, Forceps dissection all night
2304, 🏜Formal aid desert's afforested, Formal aid desert's afforested
2401, 🍂Fauna defoliant zephyr, Fauna defoliant zephyr
2500, 🐩Fido defier no no, Fido defier no no
2601, 🚲Penny worth bicycle zephyr, Penny worth bicycle zephyr
2704, 💪💪💪💪💪Quintuple biceps affordable, Quintuple biceps affordable
2809, 🏃‍♀️Pentathlon diet all night, Pentathlon diet all night
2916, 🎤👩‍🎤👩‍👩‍👧‍👧Quintet tonight one sing, Quintet tonight one sing
3025, 🎼👨‍👩‍👦Fife trio defiant, fife trio defiant
3136, 🗓Fix someone something, fix someone something
3249, 🕵️‍♂️Fiance's thrilled by fauna, Fiance's thrilled by fauna
3364, 🥩🔪🎼Fillet slicer symphony, Fillet slicer symphony
3481, 👓Finite trifocals Edward, Finite trifocals Edward
3600, 🛺🌪Hector tricycle cyclone, Hector tricycle cyclone
3721, 🎩💍Chic one thriven diamond, Chic one thriven diamond
3844, 👨‍👩‍👦‍👦Cindie try aiding quartet, Cindie try aiding quartet
3969, 🌲👵👴🌲Thick tree trial night senile, Thick tree trial night senile
4096, 🎺🎻Symphony foe nothing, Symphony foe nothing
4225, 🧛‍♂️Chic fighter fought to defy, Chic fighter fought to defy
4356, 🤢Sissy force fix, Sissy force fix
4489, 👨‍👩‍👧‍👦🦸Sixth sense quartet's able knight, Sixth sense quartet's able knight
4624, 💤🦊Siesta fox's deformed, Siesta fox's deformed
4761, 👨‍🦳🥢Senile's forceps's chic one, Senile's forceps's chic one
4900, 🦯🌪Scepters force night cyclone, Scepters force night cyclone
5041, 🥰Self-worth fine old former one, Self-worth fine old former one
5184, 👨‍👩‍👧‍👦👨‍👩‍👧‍👦Sediment's penny worth octet, Sediment's penny worth octet
5329, 🏃Censor pentathlon tonight, Censor pentathlon tonight
5476, 👨‍👩‍👧‍👦👨‍👩‍👧‍👦👨‍👩‍👧‍👦Septet quintet sensible, Septet quintet sensible
5625, 🤳Selfy's fixed to file, Selfy's fixed to file
5776, 🤵Sensible fiance's sensible, Sensible fiance's sensible
5929, 👽Sensation's finite tonight, Sensation's finite tonight
6084, 🍉👨‍👩‍👧‍👦👨‍👩‍👧‍👦Semination chic old octet, Semination chic old octet
6241, 🤺Saber knight Cindie forward, Saber knight Cindie forward
6400, 🌰🎼Acorn symphony love all, Acorn symphony love all
6561, 🛶Edward's sieve's thin one, Edward's sieve's thin one
6724, 🎼Etude chic savor to form, Etude chic savor to form
6889, 👂🦸Atrium sick ailing able knight, Atrium sick ailing able knight
7056, 👨‍👩‍👧‍👦👨‍👩‍👧‍👦🦯Octet scepter's fixed, Octet scepter's fixed
7225, 🦸🦹‍♂️Able fighter's savior to defiler, Able fighter's savior to defiler
7396, 📖Ethics censor's nothing, Ethics censor's nothing
7569, 👨‍🚒👨‍🦳Ailing saver's selfish senile, Ailing saver's selfish senile
7744, 👩‍👩‍👧‍👧Octavia sensational quartet, Octavia sensational quartet
7921, 🦍🤺😈Ape knight saber knight demon, Ape knight saber knight demon
8100, 🌅Nitro A one aureole, Nitro A one aureole
8281, 🌉🎼Nocturne etude A one, Nocturne etude A one
8464, 👨‍👩‍👧‍👦👨‍👩‍👧‍👦🎼Nona tuned octet symphony, Nona tuned octet symphony
8649, 👩‍⚕️Nicely aiding sick fauna, Nicely aiding sick fauna
8836, 🌃🛺Night fall hey hey tricycle, Night fall hey hey tricycle
9025, 🥺Naive nitro defiler, Naive nitro defiler
9216, 🥶Nothing nudge icicle, Nothing nudge icicle
9409, 🌆Night heaven night fall zenith, Night heaven night fall zenith
9604, 💣Nitrate nothing's affordable, Nitrate nothing's affordable
9801, 👱‍♀️💣Nana nitrate zephyr, Nana nitrate zephyr
10000, 🌹Scent tend southward, Scent tend southward
1776, 🗽I save sailing ship. Independence day of America, I save sailing ship
1789, 🗽Thousands saviors ailing night. French Revolution, Thousands saviors ailing night
1292, 🇹🇭iTunes nice tune. Lan Na kingdom, iTunes nice tune Lan Na kingdom
1392, 이성계 Facade nudge Yi Song-gye. Kingdom of Great Joseon, Facade nudge Yi Song-gye
1840, ⚔️I hate fallen Opium. The first opium war, I hate fallen Opium
1949, 🇨🇳Furnace folk communist party. The Chinese Revolution, Furnace folk communist party
1947, 🇮🇳🇵🇰First night for severance. The Indo-Pakistani War, First night for severance
1521, 🇪🇸First fight byword. Spanish conquest of the Aztec Empire, First fight byword
1976, 🇻🇳Furnace sensing. Reunification of Vietnam on 2 July 1976, Furnace sensing
1986, 🇻🇳First night ethics. DOI MOI (VIETNAM'S ECONOMIC REFORMS), First night ethics
