









같다
...을 더한
마이너스
타임스
로 나눈
왼쪽 괄호
오른쪽 괄호
왼쪽 버팀대
오른쪽 버팀대
~보다 크다
보다 작다
크거나 같다
이하
거의 같다
나머지는
다음
과
제곱
입방체
테세라 테


.

.

.

.

.

.

.

1004, 😇천사, 천사
101023535, 🔥🔥열열이 삼오삼오, 열열이 삼오삼오
2424, 🚚이사이사, 이사이사
7979, 👫친구친구, 친구친구
8282, 🐙팔이팔이, 팔이팔이
20000, 👋이만, 이만
10002, 📈많이, 많이
79, 🤝친구, 친구
4040, ❤️❤️사랑사랑, 사랑사랑
5585, 🥺보고파요, 보고파요
7942, 👬친구 사이, 친구 사이
5842, 🧍‍♂️🧍‍♀️오빠 사이, 오빠 사이
12558282, 👋🏃이리 오오 빨리빨리, 이리 오오 빨리빨리
2(이) 사람, 👤이 사람, 이 사람
9(그) 여자, 👩그 여자, 그 여자
7942, 🤗친구사이 , 친구사이 
1010, 🔥열렬, 열렬
00, ⚪공(공 모양), 공
01, ☝️하나(숫자 1), 하나
02, ✌️이(두 개), 이
03, 🤟삼(세 개), 삼
04, 🍎사과(사과 과일), 사과
05, 🦆오리(오리 새), 오리
06, ⬡육각형, 육각형
07, 🖍️칠판(칠하다), 칠판
08, 💪팔(팔 근육), 팔
09, ☁️구름(구름 모양), 구름
10, ✝️십자가, 십자가
11, 📅일일(하루), 일일
12, 🐭십이간지, 십이간지
13, 📚일삼(정리), 일삼
14, 🍬사탕, 사탕
15, ⭐오성(별 5개), 오성
16, 🪟유리, 유리
17, 🌈일곱 빛, 일곱 빛
18, ⚡팔팔(에너지), 팔팔
19, 👞구두, 구두
20, 🔧이공(공구), 이공
21, 🤝이일(둘하나 팀), 이일
22, 👯이이(쌍둥이), 이이
23, 🥉이삼(2·3), 이삼
24, 📦이사, 이사
25, 🪐이오(이오행성), 이오
26, 🐮이육(이런 동물), 이육
27, 🎨이칠(이채로운), 이칠
28, 🌱이팔(청춘), 이팔
29, 🗣️이구(이구동성), 이구
30, 🎯삼공(원), 삼공
31, 🇰🇷삼일(삼일절), 삼일
32, 🥗삼이(삼이삼이), 삼이
33, ✨삼삼(깔끔), 삼삼
34, 📏삼사, 삼사
35, 🖐️삼오, 삼오
36, 🍵삼육, 삼육
37, 🍼삼칠(삼칠일), 삼칠
38, 🗺️삼팔선, 삼팔선
39, ⚽삼구, 삼구
40, 🚣사공, 사공
41, 🌞사일, 사일
42, 🤗사이, 사이
43, 🎲사삼, 사삼
44, 🐜사사(작은), 사사
45, 🎤사오, 사오
46, 🐷사육, 사육
47, 🖍️사칠, 사칠
48, 🕓사팔, 사팔
49, 🚗사고, 사고
50, 🐒오공, 오공
51, 🛢️오일, 오일
52, 🥒오이, 오이
53, 🍜오삼, 오삼
54, 🏝️오사, 오사
55, 🙌오오, 오오
56, 🍗오육, 오육
57, 🧩오칠, 오칠
58, 💎오팔, 오팔
59, 🐶오구, 오구
60, 🛫육공, 육공
61, 📜육일, 육일
62, 🎺육이, 육이
63, 🏙️육삼, 육삼
64, 🎖️육사, 육사
65, 🏀육오, 육오
66, 🦖육육, 육육
67, ⛳육칠, 육칠
68, 🕗육팔, 육팔
69, 🎳육구, 육구
70, 🎯칠공, 칠공
71, 🏆칠일, 칠일
72, 🚲칠이, 칠이
73, 🎻칠삼, 칠삼
74, 📚칠사, 칠사
75, 🧵칠오, 칠오
76, 🎮칠육, 칠육
77, 🎲칠칠, 칠칠
78, 🕒칠팔, 칠팔
79, 🤝친구, 친구
80, 🖥️팔공, 팔공
81, 🧾팔일, 팔일
82, 🥈팔이, 팔이
83, 🥉팔삼, 팔삼
84, 📦팔사, 팔사
85, 🎯팔오, 팔오
86, 🛹팔육, 팔육
87, ⏳팔칠, 팔칠
88, 🔥팔팔, 팔팔
89, 🚀팔구, 팔구
90, 📀구공, 구공
91, 📓구일, 구일
92, 🍖구이, 구이
93, 🎥구삼, 구삼
94, 🚨구사, 구사
95, 🎯구오, 구오
96, 🏐구육, 구육
97, 🎭구칠, 구칠
98, 🕙구팔, 구팔
99, 🐦구구, 구구
100, 🏅백점, 백점
