









等于
加
减去
乘
除
左括号
右括号
左括号
右括号
大于
小于
大于或等于
小于或等于
几乎等于
其余的是
下一个
和
平方
立方体
精打细算


.

.

.

.

.

.

.

13, 💔要散, 要散
14, 💀要死, 要死
20, ❤️爱你, 爱你
38, 🙄三八, 三八
39, 🙏THANK, THANK
47, ⚰️死去, 死去
58, 🌙晚安, 晚安
74, 💢气死, 气死
85, 🆘帮我, 帮我
88, 👋拜拜, 拜拜
98, ☀️早安, 早安
147, ♾️一世情, 一世情
165, 😔原谅我, 原谅我
168, 💰一路发, 一路发
195, 👀你找我, 你找我
198, 🚶你走吧, 你走吧
211, 😘爱你哦, 爱你哦
230, 💘爱上你, 爱上你
231, 😍爱上你, 爱上你
234, 👩‍❤️‍👨爱相随, 爱相随
235, 🤔要想你, 要想你
241, 🥰爱死你, 爱死你
246, 🍚饿死了, 饿死了
250, 🤪半疯, 半疯
282, 🍔饿不饿, 饿不饿
296, 🚶‍♀️爱走了, 爱走了
311, 🥺想你哦, 想你哦
333, 🌀散散散, 散散散
356, 💻上网了, 上网了
361, 👩‍👩‍👧‍👦 想念你, 想念你
456, 🙋是我啦, 是我啦
461, 💭思念你, 思念你
511, 🤝我依你, 我依你
514, 😑无意思, 无意思
515, 🚨SOS, SOS
520, 💋我爱你, 我爱你
521, 💍我愿意, 我愿意
526, 🍜我饿了, 我饿了
530, 🤗我想你, 我想你
531, 👩🏾‍🤝‍🧑🏼我想你, 我想你
546, 😞我输了, 我输了
555, 😭呜呜呜, 呜呜呜
558, 🌞午午安, 午午安
571, 😡我气你, 我气你
576, 🏃我去了, 我去了
578, 📚补习班, 补习班
584, ✋我发誓, 我发誓
586, 🙅我不来, 我不来
587, 🙇我抱歉, 我抱歉
592, 🥘我好饿, 我好饿
596, 🚴我走了, 我走了
619, 🔒到永久, 到永久
666, 🛹溜溜溜, 溜溜溜
687, 😥对不起, 对不起
716, ⏰起来吧, 起来吧
721, 💑亲爱的, 亲爱的
729, 🍺去喝酒, 去喝酒
741, 😤气死你, 气死你
745, 🤬气死我, 气死我
748, ☠️去死吧, 去死吧
756, 💪辛苦了, 辛苦了
765, 💃去跳舞, 去跳舞
786, 🍱吃饱了, 吃饱了
819, 🎳保龄球, 保龄球
825, 🚫别爱我, 别爱我
837, 🙆别生气, 别生气
861, 🛑不留你, 不留你
865, 👊别惹我, 别惹我
881, 🛫拜拜唉, 拜拜唉
885, 📢帮帮我, 帮帮我
886, 🚢拜拜喽, 拜拜喽
898, 🔪分手吧, 分手吧
911, 🙌就依你, 就依你
918, 🔥加油吧, 加油吧
921, 💎好爱你, 好爱你
931, 🌹好想你, 好想你
987, 😓对不起, 对不起
995, 😱救救我, 救救我
999, ⏳久久久, 久久久
1314, 🕊️一生一世, 一生一世
1414, 🎁意思意思, 意思意思
1688, 🏎️一路發發, 一路發發
1711, 🎯一心一意, 一心一意
1798, 👫一起走吧, 一起走吧
2013, 💑爱你一生, 爱你一生
2020, 💐爱你爱你, 爱你爱你
4242, 👍是啊是啊, 是啊是啊
5376, 😠我生气了, 我生气了
7758, 😽亲亲我吧, 亲亲我吧
8384, 🧐不三不四, 不三不四
9191, 🏋️加油加油, 加油加油
9413, 🥶九死一生, 九死一生
9494, 👌就是就是, 就是就是
9988, 🎉久久發發, 久久發發
20184, 👨‍👩‍👧‍👦爱你一辈子, 爱你一辈子
20999, 👩🏻‍🤝‍🧑🏾爱你久久久, 爱你久久久
53771, 😻我想亲亲你, 我想亲亲你
202099, 👩🏿‍🤝‍🧑🏻爱你爱你久久, 爱你爱你久久
259758, 👰爱我就娶我吧, 爱我就娶我吧
2013521, 🤵爱你一生我愿意, 爱你一生我愿意
2020520, 🥀爱你爱你我爱你, 爱你爱你我爱你
2020521, 💒爱你爱你我愿意, 爱你爱你我愿意
5201314, 🌏我爱你一生一世, 我爱你一生一世
3Q, 🤝谢谢, 谢谢
00 , ⚪圆圆 , 圆圆
01 , 💭泡泡 , 泡泡
02 , 👂耳朵 , 耳朵
03 , 🍀三叶 , 三叶
04 , 🦁小狮 , 小狮
05 , ⭐星星 , 星星
06 , 🦌小鹿 , 小鹿
07 , 🌈彩虹 , 彩虹
08 , 🎈气球 , 气球
09 , 🌙月亮 , 月亮
10 , ✋小手 , 小手
11 , 🌳双木 , 双木
12 , ⏰时钟 , 时钟
13 , 🐱小猫 , 小猫
14 , 🐦小鸟 , 小鸟
15 , 🍎苹果 , 苹果
16 , 🍬糖果 , 糖果
17 , 😀笑脸 , 笑脸
18 , 🐶小狗 , 小狗
19 , ☀太阳 , 太阳
20 , ❤爱心 , 爱心
21 , 🔔铃铛 , 铃铛
22 , 🦆小鸭 , 小鸭
23 , 🍉西瓜 , 西瓜
24 , 🌸花朵 , 花朵
25 , 🍵茶杯 , 茶杯
26 , ✏铅笔 , 铅笔
27 , 🐘大象 , 大象
28 , ❄雪花 , 雪花
29 , 🚢船 , 船
30 , 💎珍珠 , 珍珠
31 , 🐝蜜蜂 , 蜜蜂
32 , 🍃叶子 , 叶子
33 , 🔺三角 , 三角
34 , 🐟鱼 , 鱼
35 , 🏔山 , 山
36 , 🔥火 , 火
37 , 🎃南瓜 , 南瓜
38 , 🦋蝴蝶 , 蝴蝶
39 , 🧤手套 , 手套
40 , 🐠小鱼 , 小鱼
41 , 🍌香蕉 , 香蕉
42 , 👀眼睛 , 眼睛
43 , 🐢乌龟 , 乌龟
44 , 🥝奇异果 , 奇异果
45 , 🎶音符 , 音符
46 , 🐇兔子 , 兔子
47 , 🚂火车 , 火车
48 , 📓笔记本 , 笔记本
49 , 🐷小猪 , 小猪
50 , 🌟星光 , 星光
51 , ☎电话 , 电话
52 , 🚗汽车 , 汽车
53 , 🎧耳机 , 耳机
54 , 🎉彩纸 , 彩纸
55 , 😄笑笑 , 笑笑
56 , 🐓公鸡 , 公鸡
57 , 🥁鼓 , 鼓
58 , 🍪饼干 , 饼干
59 , 🔔钟 , 钟
60 , 📚书 , 书
61 , 🎸吉他 , 吉他
62 , 🔔铃 , 铃
63 , ☁云 , 云
64 , 🥧苹果派 , 苹果派
65 , 🐸青蛙 , 青蛙
66 , 🎵音符 , 音符
67 , 🐄奶牛 , 奶牛
68 , 🕯蜡烛 , 蜡烛
69 , 🍇葡萄 , 葡萄
70 , 🧸小熊 , 小熊
71 , 🎵铃声 , 铃声
72 , 🏮灯笼 , 灯笼
73 , 💺椅子 , 椅子
74 , 🍉西瓜 , 西瓜
75 , 🦁狮子 , 狮子
76 , 🐥小鸡 , 小鸡
77 , 🍭糖果 , 糖果
78 , 🐴马 , 马
79 , 🤝好友 , 好友
80 , 🌳大树 , 大树
81 , 💎钻石 , 钻石
82 , 🦊狐狸 , 狐狸
83 , 🖍蜡笔 , 蜡笔
84 , 🌌星河 , 星河
85 , 📦铅笔盒 , 铅笔盒
86 , 🦒长颈鹿 , 长颈鹿
87 , 🕷蜘蛛 , 蜘蛛
88 , 🐰兔子 , 兔子
89 , 🐼熊猫 , 熊猫
90 , 🌊大海 , 大海
91 , ⚽皮球 , 皮球
92 , 🐤小鸭 , 小鸭
93 , 🍂叶叶 , 叶叶
94 , 😁笑脸 , 笑脸
95 , 🥛牛奶 , 牛奶
96 , 🌾麦穗 , 麦穗
97 , 🌀风车 , 风车
98 , 🌅早安 , 早安
99 , 🤗久伴 , 久伴
100 , 🌼百合 , 百合

