









같다
...을 더한
마이너스
타임스
로 나눈
왼쪽 괄호
오른쪽 괄호
왼쪽 버팀대
오른쪽 버팀대
~보다 크다
보다 작다
크거나 같다
이하
거의 같다
나머지는
다음
과
제곱
입방체
테세라 테


.

.

.

.

.

.

.

1004, 😇천사, 천사
101023535, 🔥🔥열열이 삼오삼오, 열열이 삼오삼오
2424, 🚚이사이사, 이사이사
7979, 👫친구친구, 친구친구
8282, 🐙팔이팔이, 팔이팔이
20000, 👋이만, 이만
10002, 📈많이, 많이
79, 🤝친구, 친구
4040, ❤️❤️사랑사랑, 사랑사랑
5585, 🥺보고파요, 보고파요
7942, 👬친구 사이, 친구 사이
5842, 🧍‍♂️🧍‍♀️오빠 사이, 오빠 사이
12558282, 👋🏃이리 오오 빨리빨리, 이리 오오 빨리빨리
2(이) 사람, 👤이 사람, 이 사람
9(그) 여자, 👩그 여자, 그 여자
7942, 🤗친구사이 , 친구사이 
1010, 🔥열렬, 열렬
00 , 🌀바람 , 바람
01 , 🐤병아리 , 병아리
02 , ⚽축구 , 축구
03 , 🎲주사위 , 주사위
04 , 🚧공사 , 공사
05 , 🍎사과 , 사과
06 , 🐶강아지 , 강아지
07 , 🌈무지개 , 무지개
08 , 🐙문어 , 문어
09 , 🎱당구 , 당구
10 , 🔥불 , 불
11 , ☀️태양 , 태양
12 , 📅달력 , 달력
13 , 🧩퍼즐 , 퍼즐
14 , 🌱새싹 , 새싹
15 , ✋손 , 손
16 , 🐟물고기 , 물고기
17 , 🍀클로버 , 클로버
18 , 🕊비둘기 , 비둘기
19 , 🏐배구 , 배구
20 , 🚂기차 , 기차
21 , 📒공책 , 공책
22 , 👯친구 , 친구
23 , 🥕당근 , 당근
24 , 🚚트럭 , 트럭
25 , 🍇포도 , 포도
26 , 🥬배추 , 배추
27 , 🧊얼음 , 얼음
28 , 🦷이(치아) , 이(치아)
29 , 🎤마이크 , 마이크
30 , 🥉동메달 , 동메달
31 , ⛪교회 , 교회
32 , 🪁연 , 연
33 , 🍡경단 , 경단
34 , 🎨팔레트 , 팔레트
35 , 🧃주스 , 주스
36 , 🐸개구리 , 개구리
37 , 🎻바이올린 , 바이올린
38 , 🎺트럼펫 , 트럼펫
39 , 📯나팔 , 나팔
40 , 🍀네잎 , 네잎
41 , 🏞풍경 , 풍경
42 , 🧑‍🤝‍🧑사람들 , 사람들
43 , ⏰시계 , 시계
44 , 🍵차 , 차
45 , 🐢거북이 , 거북이
46 , 🐑양 , 양
47 , 🎐바람개비 , 바람개비
48 , 🎧헤드폰 , 헤드폰
49 , ⚾야구공 , 야구공
50 , 🥐빵 , 빵
51 , 🛢기름통 , 기름통
52 , 🥒오이 , 오이
53 , 🥓베이컨 , 베이컨
54 , 🧂소금 , 소금
55 , 🍩도넛 , 도넛
56 , 🍰케이크 , 케이크
57 , 🍟감자튀김 , 감자튀김
58 , 💍반지 , 반지
59 , 🎮게임기 , 게임기
60 , 🥩고기 , 고기
61 , 🥚달걀 , 달걀
62 , 🧀치즈 , 치즈
63 , 🧄마늘 , 마늘
64 , 🍚밥 , 밥
65 , 🍲국 , 국
66 , 🥛우유 , 우유
67 , 🍜라면 , 라면
68 , 🍱도시락 , 도시락
69 , 🍙주먹밥 , 주먹밥
70 , 🪀요요 , 요요
71 , 📰신문 , 신문
72 , ✏️연필 , 연필
73 , 📖책 , 책
74 , 📚책더미 , 책더미
75 , 🧷안전핀 , 안전핀
76 , ✂️가위 , 가위
77 , 🖊펜 , 펜
78 , 📎클립 , 클립
79 , 📌핀 , 핀
80 , 🏓탁구 , 탁구
81 , 🧤장갑 , 장갑
82 , 🦵다리 , 다리
83 , 👕티셔츠 , 티셔츠
84 , 👖바지 , 바지
85 , 👟운동화 , 운동화
86 , 👒모자 , 모자
87 , 🧦양말 , 양말
88 , 🎽운동복 , 운동복
89 , 🥋도복 , 도복
90 , 🚌버스 , 버스
91 , 🚗자동차 , 자동차
92 , 🚲자전거 , 자전거
93 , 🚕택시 , 택시
94 , 🚑구급차 , 구급차
95 , 🚒소방차 , 소방차
96 , 🚝기차 , 기차
97 , ✈️비행기 , 비행기
98 , 🚀로켓 , 로켓
99 , 🚁헬리콥터 , 헬리콥터
100 , 🏆트로피 , 트로피
