









等于
加
减去
乘
除
左括号
右括号
左括号
右括号
大于
小于
大于或等于
小于或等于
几乎等于
其余的是
下一个
和
平方
立方体
精打细算


.

.

.

.

.

.

.

13, 💔要散, 要散
14, 💀要死, 要死
20, ❤️爱你, 爱你
38, 🙄三八, 三八
39, 🙏THANK, THANK
47, ⚰️死去, 死去
58, 🌙晚安, 晚安
74, 💢气死, 气死
85, 🆘帮我, 帮我
88, 👋拜拜, 拜拜
98, ☀️早安, 早安
147, ♾️一世情, 一世情
165, 😔原谅我, 原谅我
168, 💰一路发, 一路发
195, 👀你找我, 你找我
198, 🚶你走吧, 你走吧
211, 😘爱你哦, 爱你哦
230, 💘爱上你, 爱上你
231, 😍爱上你, 爱上你
234, 👩‍❤️‍👨爱相随, 爱相随
235, 🤔要想你, 要想你
241, 🥰爱死你, 爱死你
246, 🍚饿死了, 饿死了
250, 🤪半疯, 半疯
282, 🍔饿不饿, 饿不饿
296, 🚶‍♀️爱走了, 爱走了
311, 🥺想你哦, 想你哦
333, 🌀散散散, 散散散
356, 💻上网了, 上网了
361, 👩‍👩‍👧‍👦 想念你, 想念你
456, 🙋是我啦, 是我啦
461, 💭思念你, 思念你
511, 🤝我依你, 我依你
514, 😑无意思, 无意思
515, 🚨SOS, SOS
520, 💋我爱你, 我爱你
521, 💍我愿意, 我愿意
526, 🍜我饿了, 我饿了
530, 🤗我想你, 我想你
531, 👩🏾‍🤝‍🧑🏼我想你, 我想你
546, 😞我输了, 我输了
555, 😭呜呜呜, 呜呜呜
558, 🌞午午安, 午午安
571, 😡我气你, 我气你
576, 🏃我去了, 我去了
578, 📚补习班, 补习班
584, ✋我发誓, 我发誓
586, 🙅我不来, 我不来
587, 🙇我抱歉, 我抱歉
592, 🥘我好饿, 我好饿
596, 🚴我走了, 我走了
619, 🔒到永久, 到永久
666, 🛹溜溜溜, 溜溜溜
687, 😥对不起, 对不起
716, ⏰起来吧, 起来吧
721, 💑亲爱的, 亲爱的
729, 🍺去喝酒, 去喝酒
741, 😤气死你, 气死你
745, 🤬气死我, 气死我
748, ☠️去死吧, 去死吧
756, 💪辛苦了, 辛苦了
765, 💃去跳舞, 去跳舞
786, 🍱吃饱了, 吃饱了
819, 🎳保龄球, 保龄球
825, 🚫别爱我, 别爱我
837, 🙆别生气, 别生气
861, 🛑不留你, 不留你
865, 👊别惹我, 别惹我
881, 🛫拜拜唉, 拜拜唉
885, 📢帮帮我, 帮帮我
886, 🚢拜拜喽, 拜拜喽
898, 🔪分手吧, 分手吧
911, 🙌就依你, 就依你
918, 🔥加油吧, 加油吧
921, 💎好爱你, 好爱你
931, 🌹好想你, 好想你
987, 😓对不起, 对不起
995, 😱救救我, 救救我
999, ⏳久久久, 久久久
1314, 🕊️一生一世, 一生一世
1414, 🎁意思意思, 意思意思
1688, 🏎️一路發發, 一路發發
1711, 🎯一心一意, 一心一意
1798, 👫一起走吧, 一起走吧
2013, 💑爱你一生, 爱你一生
2020, 💐爱你爱你, 爱你爱你
4242, 👍是啊是啊, 是啊是啊
5376, 😠我生气了, 我生气了
7758, 😽亲亲我吧, 亲亲我吧
8384, 🧐不三不四, 不三不四
9191, 🏋️加油加油, 加油加油
9413, 🥶九死一生, 九死一生
9494, 👌就是就是, 就是就是
9988, 🎉久久發發, 久久發發
20184, 👨‍👩‍👧‍👦爱你一辈子, 爱你一辈子
20999, 👩🏻‍🤝‍🧑🏾爱你久久久, 爱你久久久
53771, 😻我想亲亲你, 我想亲亲你
202099, 👩🏿‍🤝‍🧑🏻爱你爱你久久, 爱你爱你久久
259758, 👰爱我就娶我吧, 爱我就娶我吧
2013521, 🤵爱你一生我愿意, 爱你一生我愿意
2020520, 🥀爱你爱你我爱你, 爱你爱你我爱你
2020521, 💒爱你爱你我愿意, 爱你爱你我愿意
5201314, 🌏我爱你一生一世, 我爱你一生一世
3Q, 🤝谢谢, 谢谢
00, ⚪圆圆, 圆圆
01, 🧒小一, 小一
02, 🐧企鹅, 企鹅
03, ☂️小伞, 小伞
04, 🦁石狮, 石狮
05, 🦊小狐, 小狐
06, 🌿柳绿, 柳绿
07, 🐤小鸡, 小鸡
08, 👨爸爸, 爸爸
09, ⚽球球, 球球
10, 🔟十全, 十全
11, 🍭棒棒, 棒棒
12, 🦢小鹅, 小鹅
13, ⛰️小山, 小山
14, 🦁小狮, 小狮
15, 🐯小虎, 小虎
16, 🍎石榴, 石榴
17, 🌈小柒, 小柒
18, 🚌小巴, 小巴
19, 🐱小猫, 小猫
20, 🎯爱零, 爱零
21, 👕爱衣, 爱衣
22, 👂爱耳, 爱耳
23, ☂️爱伞, 爱伞
24, 🦁爱狮, 爱狮
25, 💃爱舞, 爱舞
26, 🦌爱鹿, 爱鹿
27, 🌈爱柒, 爱柒
28, 🎉爱发, 爱发
29, ⏳爱久, 爱久
30, ☂️伞零, 伞零
31, 👕伞衣, 伞衣
32, 🦢伞鹅, 伞鹅
33, ☂️伞伞, 伞伞
34, 🦁伞狮, 伞狮
35, 💃伞舞, 伞舞
36, 🦌伞鹿, 伞鹿
37, 🌈伞柒, 伞柒
38, 🎭三八, 三八
39, 🎱三球, 三球
40, 🦁狮零, 狮零
41, 👕狮衣, 狮衣
42, 🦢狮鹅, 狮鹅
43, ☂️狮伞, 狮伞
44, 🦁狮狮, 狮狮
45, 💃狮舞, 狮舞
46, 🦌狮鹿, 狮鹿
47, 🌈狮柒, 狮柒
48, 🎉狮发, 狮发
49, ⏳狮久, 狮久
50, 💃舞零, 舞零
51, 👕舞衣, 舞衣
52, 🦢舞鹅, 舞鹅
53, ☂️舞伞, 舞伞
54, 🦁舞狮, 舞狮
55, 😢呜呜, 呜呜
56, 🦌舞鹿, 舞鹿
57, 🌈舞柒, 舞柒
58, 🌙晚安, 晚安
59, ⏳舞久, 舞久
60, 🦌鹿零, 鹿零
61, 👕鹿衣, 鹿衣
62, 🦢鹿鹅, 鹿鹅
63, ☂️鹿伞, 鹿伞
64, 🦁鹿狮, 鹿狮
65, 💃鹿舞, 鹿舞
66, 🛹溜溜, 溜溜
67, 🌈鹿柒, 鹿柒
68, 🎉鹿发, 鹿发
69, ⏳鹿久, 鹿久
70, 🌈柒零, 柒零
71, 👕柒衣, 柒衣
72, 🦢柒鹅, 柒鹅
73, ☂️柒伞, 柒伞
74, 🦁气狮, 气狮
75, 💃柒舞, 柒舞
76, 🦌柒鹿, 柒鹿
77, 🤗亲亲, 亲亲
78, 🎉柒发, 柒发
79, ⏳柒久, 柒久
80, 👨爸零, 爸零
81, 👕爸衣, 爸衣
82, 🦢爸鹅, 爸鹅
83, ☂️爸伞, 爸伞
84, 🦁爸狮, 爸狮
85, 🙋帮我, 帮我
86, 🦌爸鹿, 爸鹿
87, 🌈爸柒, 爸柒
88, 👋拜拜, 拜拜
89, ⏳爸久, 爸久
90, ⚽球零, 球零
91, 👕球衣, 球衣
92, 🦢球鹅, 球鹅
93, ☂️球伞, 球伞
94, 🦁球狮, 球狮
95, 🆘救我, 救我
96, 🦌球鹿, 球鹿
97, 🌈球柒, 球柒
98, 🌞早安, 早安
99, ♾️久久, 久久
100, 💯百分, 百分

